RSU,CAR,X,Y,dBm,ReceiveTime,SentTime
85,3694,7098.48,2073.58,-117.338,2404.454226167367,2404.4
85,3694,7098.81,2071.53,-116.032,2404.554265166088,2404.5
85,3694,7099.14,2069.49,-114.775,2404.654265164874,2404.6
