RSU,CAR,X,Y,dBm,ReceiveTime,SentTime
55,4246,6505.17,963.243,-128.962,1779.700148979435,1779.7
55,4246,6505.18,963.226,-128.942,1779.800144608324,1779.8
55,4246,6505.18,963.225,-128.941,1779.900148968235,1779.9
55,4246,6505.18,963.209,-128.923,1800.100148718628,1800.1
55,4246,6505.2,963.177,-128.886,1800.200144448642,1800.2
55,4246,6505.21,963.129,-128.831,1800.300148718907,1800.3
55,4246,6505.23,963.065,-110.769,1800.400144449048,1800.4
55,4246,6505.26,962.985,-110.772,1800.500148719495,1800.5
55,4246,6505.29,962.89,-110.775,1800.600144449667,1800.6
