RSU,CAR,X,Y,dBm,ReceiveTime,SentTime
60,6160,7144.69,1003.01,-126.76,2557.454243703346,2557.4
60,6160,7144.48,1004.08,-126.757,2557.554230702699,2557.5
60,6160,7144.27,1005.15,-126.755,2557.65425670207,2557.6
60,6160,7147.47,1005.47,-126.464,2571.154243712589,2571.1
60,6160,7147.68,1004.39,-126.467,2571.254243713219,2571.2
60,6160,7147.89,1003.32,-126.471,2571.35423071386,2571.3
