RSU,CAR,X,Y,dBm,ReceiveTime,SentTime
85,988,6909.92,2346.25,-85.8034,2136.654531860618,2136.6
85,988,6909.94,2346.26,-85.8037,2160.154518860715,2160.1
85,988,6909.99,2346.27,-85.8044,2160.254492860901,2160.2
85,988,6910.06,2346.28,-85.8055,2160.3543106614,2160.3
85,988,6910.15,2346.31,-85.807,2160.454505861504,2160.4
85,988,6910.26,2346.33,-85.8088,2160.554518861899,2160.5
85,988,6910.4,2346.36,-85.811,2160.654492862349,2160.6
85,988,6910.56,2346.4,-85.8135,2160.754505862848,2160.7
85,988,6910.74,2346.44,-85.8164,2160.854479863391,2160.8
