RSU,CAR,X,Y,dBm,ReceiveTime,SentTime
85,1420,6909.92,2346.25,-85.8034,699.054223665833,699.0
85,4822,7033.37,2132.79,-122.494,699.154237453605,699.1
85,4822,7034.98,2136.27,-103.328,699.854276465286,699.8
85,4822,7044.2,2137.7,-109.563,701.054276489927,701.0
85,4822,7045.96,2137.97,-110.388,701.254250494686,701.2
85,4822,7060.41,2140.2,-116.692,702.754263534437,702.7
