RSU,CAR,X,Y,dBm,ReceiveTime,SentTime
85,4054,6908.19,2345.87,-104.085,2162.854284836708,2162.8
85,4054,6908.6,2345.96,-85.7824,2162.954284837043,2162.9
85,4054,6909.03,2346.06,-85.7892,2163.054310837395,2163.0
85,4054,6909.48,2346.16,-85.7963,2163.154297837765,2163.1
85,4054,6909.94,2346.26,-85.8037,2163.25432383815,2163.2
85,4054,6910.42,2346.37,-85.8113,2163.354323838549,2163.3
85,5194,6908.05,2345.84,-105.53,2164.800149019809,2164.8
85,5194,6908.67,2345.98,-85.7835,2164.900149021164,2164.9
85,5194,6909.31,2346.12,-85.7936,2165.000149022517,2165.0
85,5194,6909.96,2346.26,-85.8039,2165.100148809745,2165.1
85,5194,6910.62,2346.41,-85.8145,2165.200149025382,2165.2
