RSU,CAR,X,Y,dBm,ReceiveTime,SentTime
85,3982,6909.6,2346.18,-85.7982,2015.400141760119,2015.4
85,3982,6909.74,2346.21,-85.8004,2015.554654619654,2015.5
85,3982,6909.84,2346.24,-85.802,2015.600141740078,2015.6
85,3982,6909.9,2346.25,-85.803,2015.70014106048,2015.7
85,3982,6909.92,2346.25,-85.8034,2015.800150900068,2015.8
