RSU,CAR,X,Y,dBm,ReceiveTime,SentTime
60,4246,7144.73,1002.81,-126.76,1852.10014008129,1852.1
60,4246,7144.59,1003.51,-126.759,1852.200140080864,1852.2
60,4246,7144.46,1004.2,-126.757,1852.30014008045,1852.3
60,4246,7144.32,1004.89,-126.756,1852.400140080041,1852.4
60,4246,7144.18,1005.59,-126.754,1852.500140079639,1852.5
