RSU,CAR,X,Y,dBm,ReceiveTime,SentTime
55,6160,6505.16,963.266,-128.989,2497.154244569539,2497.1
55,6160,6505.18,963.233,-128.95,2497.254218569586,2497.2
55,6160,6505.18,963.225,-128.941,2497.354218569596,2497.3
