RSU,CAR,X,Y,dBm,ReceiveTime,SentTime
85,3982,6909.92,2346.25,-85.8034,2063.900140467493,2063.9
85,3982,6909.94,2346.26,-85.8037,2070.100140467512,2070.1
85,3982,6909.99,2346.27,-85.8044,2070.200140467628,2070.2
85,3982,6910.06,2346.28,-85.8055,2070.300140467841,2070.3
85,3982,6910.15,2346.31,-85.807,2070.400140468151,2070.4
85,3982,6910.26,2346.33,-85.8088,2070.500140468557,2070.5
85,3982,6910.4,2346.36,-85.811,2070.600140469062,2070.6
85,3982,6910.56,2346.4,-85.8135,2070.700140469661,2070.7
85,3982,6910.74,2346.44,-85.8164,2070.800140470358,2070.8
85,5584,6908.02,2345.83,-105.86,2072.754419455357,2072.7
85,5584,6908.44,2345.93,-85.7799,2072.854406456568,2072.8
85,5584,6908.89,2346.03,-85.787,2072.954445457817,2072.9
85,5584,6909.36,2346.13,-85.7944,2073.054432459102,2073.0
85,5584,6909.84,2346.24,-85.8021,2073.154432460424,2073.1
85,5584,6910.34,2346.35,-85.8101,2073.254458461766,2073.2
85,2644,6908.22,2345.88,-103.783,2074.70014065725,2074.7
85,2644,6908.84,2346.01,-85.7862,2074.800140658685,2074.8
85,2644,6909.49,2346.16,-85.7965,2074.900140660132,2074.9
85,2644,6910.16,2346.31,-85.8071,2075.000140661606,2075.0
85,1786,6908.42,2345.92,-85.7794,2076.554211398795,2076.5
85,1786,6909.02,2346.05,-85.7891,2076.654211399293,2076.6
85,1786,6909.65,2346.19,-85.7991,2076.754211399814,2076.7
85,1786,6910.31,2346.34,-85.8095,2076.854224400357,2076.8
