RSU,CAR,X,Y,dBm,ReceiveTime,SentTime
85,3724,6909.92,2346.25,-85.8034,1499.30013896937,1499.3
85,3724,6909.94,2346.26,-85.8037,1530.100138969389,1530.1
85,3724,6909.99,2346.27,-85.8044,1530.200138969427,1530.2
85,3724,6910.06,2346.28,-85.8055,1530.300138969484,1530.3
